{"cameraMode":{"drawMode":0,"name":"Shaded","section":"Shading Mode"},"sceneLighting":true,"audioPlay":false,"sceneViewState":{"showFog":true,"showMaterialUpdate":false,"showSkybox":true,"showFlares":true,"showImageEffects":true,"showParticleSystems":true},"in2DMode":false,"pivot":{"x":-10.09511661529541,"y":1.567237377166748,"z":-0.6788574457168579},"rotation":{"x":0.1966020166873932,"y":-0.03234943374991417,"z":0.006490310654044151,"w":0.9799296259880066},"size":52.286678314208987,"orthographic":true}